{"lastUpdate":"0001-01-01T00:00:00Z","objectsCount":18,"objectsTotalSize":29136891,"bucketsCount":3,"bucketsUsageInfo":{"airflow-files":{"size":1903147,"objectsCount":8,"objectsSizesHistogram":{"BETWEEN_1024_B_AND_1_MB":5,"BETWEEN_10_MB_AND_64_MB":0,"BETWEEN_128_MB_AND_512_MB":0,"BETWEEN_1_MB_AND_10_MB":0,"BETWEEN_64_MB_AND_128_MB":0,"GREATER_THAN_512_MB":0,"LESS_THAN_1024_B":3}},"mlflow-models":{"size":26038732,"objectsCount":6,"objectsSizesHistogram":{"BETWEEN_1024_B_AND_1_MB":0,"BETWEEN_10_MB_AND_64_MB":2,"BETWEEN_128_MB_AND_512_MB":0,"BETWEEN_1_MB_AND_10_MB":0,"BETWEEN_64_MB_AND_128_MB":0,"GREATER_THAN_512_MB":0,"LESS_THAN_1024_B":4}},"model-support-files":{"size":1195012,"objectsCount":4,"objectsSizesHistogram":{"BETWEEN_1024_B_AND_1_MB":4,"BETWEEN_10_MB_AND_64_MB":0,"BETWEEN_128_MB_AND_512_MB":0,"BETWEEN_1_MB_AND_10_MB":0,"BETWEEN_64_MB_AND_128_MB":0,"GREATER_THAN_512_MB":0,"LESS_THAN_1024_B":0}}},"bucketsSizes":null}